id,section,subsection,title,author,goodreads,publisher,imprint,year,edition,pages,format,illustrator,editor,isbn,cover_url,about,note
1,Technology and Computing,Python,Python for Everybody,Charles Severance,https://www.goodreads.com/search?q=Python+for+Everybody+Charles+Severance,,,,,,,,,,,,
2,Technology and Computing,Python,Python Crash Course,Eric Matthes,https://www.goodreads.com/search?q=Python+Crash+Course+Eric+Matthes,,,,,,,,,,,,
3,Technology and Computing,Python,Automate the Boring Stuff with Python + Workbook,Al Sweigart,https://www.goodreads.com/search?q=Automate+the+Boring+Stuff+with+Python+%2B+Workbook+Al+Sweigart,,,,,,,,,,,,
4,Technology and Computing,Python,Fluent Python,Luciano Ramalho,https://www.goodreads.com/search?q=Fluent+Python+Luciano+Ramalho,,,,,,,,,,,,
5,Technology and Computing,Python,Powerful Python,Aaron Maxwell,https://www.goodreads.com/search?q=Powerful+Python+Aaron+Maxwell,,,,,,,,,,,,
6,Technology and Computing,Python,Python Cookbook (O'Reilly),,https://www.goodreads.com/search?q=Python+Cookbook,,,,,,,,,,,,
7,Technology and Computing,Python,High Performance Python (O'Reilly),,https://www.goodreads.com/search?q=High+Performance+Python,,,,,,,,,,,,
8,Technology and Computing,Python,Python Testing with pytest,Brian Okken,https://www.goodreads.com/search?q=Python+Testing+with+pytest+Brian+Okken,,,,,,,,,,,,
9,Technology and Computing,Python,Think Like a Programmer,V. Anton Spraul,https://www.goodreads.com/search?q=Think+Like+a+Programmer+V.+Anton+Spraul,,,,,,,,,,,,
10,Technology and Computing,Web and Django,"Django for Beginners, 5th ed.",William Vincent,https://www.goodreads.com/search?q=Django+for+Beginners%2C+5th+ed.+William+Vincent,,,,,,,,,,,,
11,Technology and Computing,Web and Django,"Django for APIs, 5th ed.",William Vincent,https://www.goodreads.com/search?q=Django+for+APIs%2C+5th+ed.+William+Vincent,,,,,,,,,,,,
12,Technology and Computing,Web and Django,Django 5 by Example,Antonio Melé,https://www.goodreads.com/search?q=Django+5+by+Example+Antonio+Mel%C3%A9,,,,,,,,,,,,
13,Technology and Computing,Web and Django,Two Scoops of Django,Feldroy,https://www.goodreads.com/search?q=Two+Scoops+of+Django+Feldroy,,,,,,,,,,,,
14,Technology and Computing,Web and Django,Learning Web Design,Jennifer Robbins,https://www.goodreads.com/search?q=Learning+Web+Design+Jennifer+Robbins,,,,,,,,,,,,
15,Technology and Computing,Web scraping,Web Scraping with Python (O'Reilly),,https://www.goodreads.com/search?q=Web+Scraping+with+Python,,,,,,,,,,,,
16,Technology and Computing,Web scraping,Hands-On Web Scraping Cookbook,Chapagain,https://www.goodreads.com/search?q=Hands-On+Web+Scraping+Cookbook+Chapagain,,,,,,,,,,,,
17,Technology and Computing,Web scraping,Python Web Scraping,Chapagain,https://www.goodreads.com/search?q=Python+Web+Scraping+Chapagain,,,,,,,,,,,,
18,Technology and Computing,"SQL, data, and data engineering",Learning SQL (O'Reilly),,https://www.goodreads.com/search?q=Learning+SQL,,,,,,,,,,,,
19,Technology and Computing,"SQL, data, and data engineering",SQL Cookbook (O'Reilly),,https://www.goodreads.com/search?q=SQL+Cookbook,,,,,,,,,,,,
20,Technology and Computing,"SQL, data, and data engineering",Python for Data Analysis,Wes McKinney,https://www.goodreads.com/search?q=Python+for+Data+Analysis+Wes+McKinney,,,,,,,,,,,,
21,Technology and Computing,"SQL, data, and data engineering",Storytelling with Data,Cole Nussbaumer Knaflic,https://www.goodreads.com/search?q=Storytelling+with+Data+Cole+Nussbaumer+Knaflic,,,,,,,,,,,,
22,Technology and Computing,"SQL, data, and data engineering",Data Science for Business,Provost & Fawcett,https://www.goodreads.com/search?q=Data+Science+for+Business+Provost+Fawcett,,,,,,,,,,,,
23,Technology and Computing,"SQL, data, and data engineering",Designing Data-Intensive Applications,Martin Kleppmann,https://www.goodreads.com/search?q=Designing+Data-Intensive+Applications+Martin+Kleppmann,,,,,,,,,,,,
24,Technology and Computing,"SQL, data, and data engineering",Fundamentals of Data Engineering (O'Reilly),,https://www.goodreads.com/search?q=Fundamentals+of+Data+Engineering,,,,,,,,,,,,
25,Technology and Computing,"SQL, data, and data engineering",Microsoft Excel Data Analysis and Business Modeling,Winston,https://www.goodreads.com/search?q=Microsoft+Excel+Data+Analysis+and+Business+Modeling+Winston,,,,,,,,,,,,
26,Technology and Computing,Math and statistics for computing,Naked Statistics,Charles Wheelan,https://www.goodreads.com/search?q=Naked+Statistics+Charles+Wheelan,,,,,,,,,,,,
27,Technology and Computing,Math and statistics for computing,The Manga Guide to Statistics (Takahashi),,https://www.goodreads.com/search?q=The+Manga+Guide+to+Statistics,,,,,,,,,,,,
28,Technology and Computing,Math and statistics for computing,The Manga Guide to Linear Algebra,,https://www.goodreads.com/search?q=The+Manga+Guide+to+Linear+Algebra,,,,,,,,,,,,
29,Technology and Computing,Math and statistics for computing,The Manga Guide to Calculus,,https://www.goodreads.com/search?q=The+Manga+Guide+to+Calculus,,,,,,,,,,,,
30,Technology and Computing,Math and statistics for computing,Essential Math for Data Science (O'Reilly),,https://www.goodreads.com/search?q=Essential+Math+for+Data+Science,,,,,,,,,,,,
31,Technology and Computing,Math and statistics for computing,Mathematics for Machine Learning (Cambridge),,https://www.goodreads.com/search?q=Mathematics+for+Machine+Learning,,,,,,,,,,,,
32,Technology and Computing,Math and statistics for computing,Practical Statistics for Data Scientists (O'Reilly),,https://www.goodreads.com/search?q=Practical+Statistics+for+Data+Scientists,,,,,,,,,,,,
33,Technology and Computing,Math and statistics for computing,Math for Programmers,Paul Orland,https://www.goodreads.com/search?q=Math+for+Programmers+Paul+Orland,,,,,,,,,,,,
34,Technology and Computing,Machine learning and AI,Data Science from Scratch,Joel Grus,https://www.goodreads.com/search?q=Data+Science+from+Scratch+Joel+Grus,,,,,,,,,,,,
35,Technology and Computing,Machine learning and AI,"Hands-On Machine Learning with Scikit-Learn, Keras & TensorFlow",Aurélien Géron,https://www.goodreads.com/search?q=Hands-On+Machine+Learning+with+Scikit-Learn%2C+Keras+%26+TensorFlow+Aur%C3%A9lien+G%C3%A9ron,,,,,,,,,,,,
36,Technology and Computing,Machine learning and AI,StatQuest Illustrated Guide to Neural Networks and AI,Josh Starmer,https://www.goodreads.com/search?q=StatQuest+Illustrated+Guide+to+Neural+Networks+and+AI+Josh+Starmer,,,,,,,,,,,,
37,Technology and Computing,Machine learning and AI,"Practical Deep Learning for Cloud, Mobile and Edge",Howard & Gugger,https://www.goodreads.com/search?q=Practical+Deep+Learning+for+Cloud%2C+Mobile+and+Edge+Howard+%26+Gugger,,,,,,,,,,,,
38,Technology and Computing,Machine learning and AI,Natural Language Processing with Transformers,Tunstall et al.,https://www.goodreads.com/search?q=Natural+Language+Processing+with+Transformers+Tunstall+et+al.,,,,,,,,,,,,
39,Technology and Computing,Machine learning and AI,Build a Large Language Model from Scratch,Sebastian Raschka,https://www.goodreads.com/search?q=Build+a+Large+Language+Model+from+Scratch+Sebastian+Raschka,,,,,,,,,,,,
40,Technology and Computing,Machine learning and AI,AI Engineering,Chip Huyen,https://www.goodreads.com/search?q=AI+Engineering+Chip+Huyen,,,,,,,,,,,,
41,Technology and Computing,Machine learning and AI,Generative AI Design Patterns,Lakshmanan & Hapke,https://www.goodreads.com/search?q=Generative+AI+Design+Patterns+Lakshmanan+%26+Hapke,,,,,,,,,,,,
42,Technology and Computing,Machine learning and AI,Building Data-Driven Applications with LlamaIndex,Gheorghiu,https://www.goodreads.com/search?q=Building+Data-Driven+Applications+with+LlamaIndex+Gheorghiu,,,,,,,,,,,,
43,Technology and Computing,Machine learning and AI,Natural Language Processing with Python,,https://www.goodreads.com/search?q=Natural+Language+Processing+with+Python,,,,,,,,,,,,
44,Technology and Computing,Machine learning and AI,Building Machine Learning Powered Applications,,https://www.goodreads.com/search?q=Building+Machine+Learning+Powered+Applications,,,,,,,,,,,,
45,Technology and Computing,Software engineering and architecture,Clean Code,Robert C. Martin,https://www.goodreads.com/search?q=Clean+Code+Robert+C.+Martin,,,,,,,,,,,,
46,Technology and Computing,Software engineering and architecture,The Pragmatic Programmer,Thomas & Hunt,https://www.goodreads.com/search?q=The+Pragmatic+Programmer+Thomas+%26+Hunt,,,,,,,,,,,,
47,Technology and Computing,Software engineering and architecture,A Philosophy of Software Design,John Ousterhout,https://www.goodreads.com/search?q=A+Philosophy+of+Software+Design+John+Ousterhout,,,,,,,,,,,,
48,Technology and Computing,Software engineering and architecture,Modern Software Engineering,David Farley,https://www.goodreads.com/search?q=Modern+Software+Engineering+David+Farley,,,,,,,,,,,,
49,Technology and Computing,Software engineering and architecture,Architecture Patterns with Python,Percival & Gregory,https://www.goodreads.com/search?q=Architecture+Patterns+with+Python+Percival+%26+Gregory,,,,,,,,,,,,
50,Technology and Computing,Software engineering and architecture,Design Patterns,Gang of Four,https://www.goodreads.com/search?q=Design+Patterns+Gang+of+Four,,,,,,,,,,,,
51,Technology and Computing,Software engineering and architecture,Fundamentals of Software Architecture,Richards & Ford,https://www.goodreads.com/search?q=Fundamentals+of+Software+Architecture+Richards+%26+Ford,,,,,,,,,,,,
52,Technology and Computing,Software engineering and architecture,Software Architecture: The Hard Parts,Ford et al.,https://www.goodreads.com/search?q=Software+Architecture%3A+The+Hard+Parts+Ford+et+al.,,,,,,,,,,,,
53,Technology and Computing,Software engineering and architecture,Building Microservices,Sam Newman,https://www.goodreads.com/search?q=Building+Microservices+Sam+Newman,,,,,,,,,,,,
54,Technology and Computing,Systems and computer science,"System Design Interview, Vols. 1 and 2",Alex Xu & Sahn Lam,https://www.goodreads.com/search?q=System+Design+Interview%2C+Vols.+1+and+2+Alex+Xu+%26+Sahn+Lam,,,,,,,,,,,,
55,Technology and Computing,Systems and computer science,Generative AI System Design Interview,Aminian & Sheng,https://www.goodreads.com/search?q=Generative+AI+System+Design+Interview+Aminian+%26+Sheng,,,,,,,,,,,,
56,Technology and Computing,Systems and computer science,Computer Science: An Interdisciplinary Approach,Sedgewick & Wayne,https://www.goodreads.com/search?q=Computer+Science%3A+An+Interdisciplinary+Approach+Sedgewick+%26+Wayne,,,,,,,,,,,,
57,Technology and Computing,Systems and computer science,The Algorithm Design Manual,Steven Skiena,https://www.goodreads.com/search?q=The+Algorithm+Design+Manual+Steven+Skiena,,,,,,,,,,,,
58,Technology and Computing,Systems and computer science,Grokking Algorithms,Aditya Bhargava,https://www.goodreads.com/search?q=Grokking+Algorithms+Aditya+Bhargava,,,,,,,,,,,,
59,Technology and Computing,Systems and computer science,Cracking the Coding Interview,Gayle Laakmann McDowell,https://www.goodreads.com/search?q=Cracking+the+Coding+Interview+Gayle+Laakmann+McDowell,,,,,,,,,,,,
60,Technology and Computing,Systems and computer science,Hacker's Delight,Henry S. Warren Jr.,https://www.goodreads.com/search?q=Hacker%27s+Delight+Henry+S.+Warren+Jr.,,,,,,,,,,,,
61,Technology and Computing,Systems and computer science,The Art of Computer Programming,Donald Knuth,https://www.goodreads.com/search?q=The+Art+of+Computer+Programming+Donald+Knuth,,,,,,,,,,,,
62,Technology and Computing,Security,Black Hat Python,Justin Seitz,https://www.goodreads.com/search?q=Black+Hat+Python+Justin+Seitz,,,,,,,,,,,,
63,Technology and Computing,Security,Hacking: The Art of Exploitation,Jon Erickson,https://www.goodreads.com/search?q=Hacking%3A+The+Art+of+Exploitation+Jon+Erickson,,,,,,,,,,,,
64,Technology and Computing,Security,Penetration Testing,Georgia Weidman,https://www.goodreads.com/search?q=Penetration+Testing+Georgia+Weidman,,,,,,,,,,,,
65,Technology and Computing,Security,The Web Application Hacker's Handbook,,https://www.goodreads.com/search?q=The+Web+Application+Hacker%27s+Handbook,,,,,,,,,,,,
66,Technology and Computing,Security,The Hacker Playbook 2 and 3,Peter Kim,https://www.goodreads.com/search?q=The+Hacker+Playbook+2+and+3+Peter+Kim,,,,,,,,,,,,
67,Technology and Computing,Dev tools,Pro Git,Chacon & Straub,https://www.goodreads.com/search?q=Pro+Git+Chacon+%26+Straub,,,,,,,,,,,,
68,Technology and Computing,Dev tools,The Linux Command Line,William Shotts,https://www.goodreads.com/search?q=The+Linux+Command+Line+William+Shotts,,,,,,,,,,,,
69,Technology and Computing,Dev tools,Practical Vim,Drew Neil,https://www.goodreads.com/search?q=Practical+Vim+Drew+Neil,,,,,,,,,,,,
70,Technology and Computing,Dev tools,Mastering Vim,,https://www.goodreads.com/search?q=Mastering+Vim,,,,,,,,,,,,
71,Technology and Computing,Mobile and frontend,React Native in Action,Nader Dabit,https://www.goodreads.com/search?q=React+Native+in+Action+Nader+Dabit,,,,,,,,,,,,
72,Technology and Computing,Mobile and frontend,Flutter for Beginners,Bailey & Biessek,https://www.goodreads.com/search?q=Flutter+for+Beginners+Bailey+%26+Biessek,,,,,,,,,,,,
73,Technology and Computing,Mobile and frontend,Flutter Complete Reference 2.0,Miola,https://www.goodreads.com/search?q=Flutter+Complete+Reference+2.0+Miola,,,,,,,,,,,,
74,Technology and Computing,How machines work — the history and theory shelf,Code: The Hidden Language of Computer Hardware and Software,Charles Petzold,https://www.goodreads.com/search?q=Code%3A+The+Hidden+Language+of+Computer+Hardware+and+Software+Charles+Petzold,,,,,,,,,,,,
75,Technology and Computing,How machines work — the history and theory shelf,The Annotated Turing,Charles Petzold,https://www.goodreads.com/search?q=The+Annotated+Turing+Charles+Petzold,,,,,,,,,,,,
76,Technology and Computing,How machines work — the history and theory shelf,Turing's Vision,Chris Bernhardt,https://www.goodreads.com/search?q=Turing%27s+Vision+Chris+Bernhardt,,,,,,,,,,,,
77,Technology and Computing,How machines work — the history and theory shelf,The Innovators,Walter Isaacson,https://www.goodreads.com/search?q=The+Innovators+Walter+Isaacson,,,,,,,,,,,,
78,Technology and Computing,How machines work — the history and theory shelf,Leonardo da Vinci,Walter Isaacson,https://www.goodreads.com/search?q=Leonardo+da+Vinci+Walter+Isaacson,,,,,,,,,,,,
79,Technology and Computing,Digital logic and electronics,"Boolean algebra, programmed-instruction volume",Hoernes & Heilweil,https://www.goodreads.com/search?q=Boolean+algebra%2C+programmed-instruction+volume+Hoernes+%26+Heilweil,,,,,,,,,,,,
80,Technology and Computing,Digital logic and electronics,Digital Fundamentals,Thomas Floyd,https://www.goodreads.com/search?q=Digital+Fundamentals+Thomas+Floyd,,,,,,,,,,,,
81,Technology and Computing,Digital logic and electronics,Boolean Algebra and Its Applications,J. Eldon Whitesitt,https://www.goodreads.com/search?q=Boolean+Algebra+and+Its+Applications+J.+Eldon+Whitesitt,,,,,,,,,,,,
82,Technology and Computing,Digital logic and electronics,"Digital Computer Electronics, 3rd ed.",Albert Malvino,https://www.goodreads.com/search?q=Digital+Computer+Electronics%2C+3rd+ed.+Albert+Malvino,,,,,,,,,,,,
83,Technology and Computing,Digital logic and electronics,Make: Electronics,Charles Platt,https://www.goodreads.com/search?q=Make%3A+Electronics+Charles+Platt,,,,,,,,,,,,
84,Technology and Computing,Digital logic and electronics,Make: More Electronics,Charles Platt,https://www.goodreads.com/search?q=Make%3A+More+Electronics+Charles+Platt,,,,,,,,,,,,
85,Technology and Computing,Digital logic and electronics,Encyclopedia of Electronic Components,Charles Platt,https://www.goodreads.com/search?q=Encyclopedia+of+Electronic+Components+Charles+Platt,,,,,,,,,,,,
86,Technology and Computing,Digital logic and electronics,"Practical Electronics for Inventors, 4th ed.",Paul Scherz,https://www.goodreads.com/search?q=Practical+Electronics+for+Inventors%2C+4th+ed.+Paul+Scherz,,,,,,,,,,,,
87,Technology and Computing,Digital logic and electronics,Physical Computing,Tom Igoe,https://www.goodreads.com/search?q=Physical+Computing+Tom+Igoe,,,,,,,,,,,,
88,Technology and Computing,Digital logic and electronics,Making Things Talk,Tom Igoe,https://www.goodreads.com/search?q=Making+Things+Talk+Tom+Igoe,,,,,,,,,,,,
89,Technology and Computing,Digital logic and electronics,Ingenious Mechanisms for Designers and Inventors (four-volume set),,https://www.goodreads.com/search?q=Ingenious+Mechanisms+for+Designers+and+Inventors,,,,,,,,,,,,
90,Technology and Computing,"Hardware, manufacturing, and making","Product Design and Development, 3rd ed.",Ulrich & Eppinger,https://www.goodreads.com/search?q=Product+Design+and+Development%2C+3rd+ed.+Ulrich+%26+Eppinger,,,,,,,,,,,,
91,Technology and Computing,"Hardware, manufacturing, and making",Design for Manufacturability,David Anderson,https://www.goodreads.com/search?q=Design+for+Manufacturability+David+Anderson,,,,,,,,,,,,
92,Technology and Computing,"Hardware, manufacturing, and making",Poorly Made in China,Paul Midler,https://www.goodreads.com/search?q=Poorly+Made+in+China+Paul+Midler,,,,,,,,,,,,
93,Technology and Computing,"Hardware, manufacturing, and making",The Goal,Eliyahu Goldratt,https://www.goodreads.com/search?q=The+Goal+Eliyahu+Goldratt,,,,,,,,,,,,
94,Technology and Computing,"Hardware, manufacturing, and making",The Hardware Hacker,Bunnie Huang,https://www.goodreads.com/search?q=The+Hardware+Hacker+Bunnie+Huang,,,,,,,,,,,,
95,Technology and Computing,"Hardware, manufacturing, and making",The Hardware Startup,,https://www.goodreads.com/search?q=The+Hardware+Startup,,,,,,,,,,,,
96,Technology and Computing,"Computers, AI, and the human question",Computer Power and Human Reason,Joseph Weizenbaum,https://www.goodreads.com/search?q=Computer+Power+and+Human+Reason+Joseph+Weizenbaum,,,,,,,,,,,,
97,Technology and Computing,"Computers, AI, and the human question",Islands in the Cyberstream,Joseph Weizenbaum,https://www.goodreads.com/search?q=Islands+in+the+Cyberstream+Joseph+Weizenbaum,,,,,,,,,,,,
98,Technology and Computing,"Computers, AI, and the human question",The Technological Condition: An Anthology,Scharff & Dusek (eds.),https://www.goodreads.com/search?q=The+Technological+Condition%3A+An+Anthology+Scharff+%26+Dusek,,,,,,,,,,,,
99,Technology and Computing,"Computers, AI, and the human question",The Question Concerning Technology and Other Essays,Martin Heidegger,https://www.goodreads.com/search?q=The+Question+Concerning+Technology+and+Other+Essays+Martin+Heidegger,,,,,,,,,,,,
100,Technology and Computing,"Computers, AI, and the human question",Technological Slavery,Theodore Kaczynski,https://www.goodreads.com/search?q=Technological+Slavery+Theodore+Kaczynski,,,,,,,,,,,,
101,Technology and Computing,"Computers, AI, and the human question",Genius Makers,Cade Metz,https://www.goodreads.com/search?q=Genius+Makers+Cade+Metz,,,,,,,,,,,,
102,Technology and Computing,"Computers, AI, and the human question",Amusing Ourselves to Death,Neil Postman,https://www.goodreads.com/search?q=Amusing+Ourselves+to+Death+Neil+Postman,,,,,,,,,,,,
103,Technology and Computing,"Computers, AI, and the human question",The Age of Surveillance Capitalism,Shoshana Zuboff,https://www.goodreads.com/search?q=The+Age+of+Surveillance+Capitalism+Shoshana+Zuboff,,,,,,,,,,,,
104,Technology and Computing,"Computers, AI, and the human question",What Computers Still Can't Do,Hubert Dreyfus,https://www.goodreads.com/search?q=What+Computers+Still+Can%27t+Do+Hubert+Dreyfus,,,,,,,,,,,,
105,Technology and Computing,"Computers, AI, and the human question","Gödel, Escher, Bach",Douglas Hofstadter,https://www.goodreads.com/search?q=G%C3%B6del%2C+Escher%2C+Bach+Douglas+Hofstadter,,,,,,,,,,,,
106,Technology and Computing,"Computers, AI, and the human question",The Sciences of the Artificial,Herbert Simon,https://www.goodreads.com/search?q=The+Sciences+of+the+Artificial+Herbert+Simon,,,,,,,,,,,,
107,Philosophy,Existentialism and meaning,"I and Thou (Kaufmann, Scribner)",Martin Buber,https://www.goodreads.com/search?q=I+and+Thou+Martin+Buber,,,,,,,,,,,,
108,Philosophy,Existentialism and meaning,Penguin existentialism anthology,Jonathan Webber (ed.),https://www.goodreads.com/search?q=Penguin+existentialism+anthology+Jonathan+Webber,,,,,,,,,,,,
109,Philosophy,Existentialism and meaning,"Existentialism Is a Humanism (Yale, Macomber)",Jean-Paul Sartre,https://www.goodreads.com/search?q=Existentialism+Is+a+Humanism+Jean-Paul+Sartre,,,,,,,,,,,,
110,Philosophy,Existentialism and meaning,Being and Time (Macquarrie & Robinson),Martin Heidegger,https://www.goodreads.com/search?q=Being+and+Time+Martin+Heidegger,,,,,,,,,,,,
111,Philosophy,Existentialism and meaning,"The Myth of Sisyphus (Vintage, Ward)",Albert Camus,https://www.goodreads.com/search?q=The+Myth+of+Sisyphus+Albert+Camus,,,,,,,,,,,,
112,Philosophy,Existentialism and meaning,Man's Search for Meaning,Viktor Frankl,https://www.goodreads.com/search?q=Man%27s+Search+for+Meaning+Viktor+Frankl,,,,,,,,,,,,
113,Philosophy,Existentialism and meaning,The Denial of Death (50th Anniversary ed.),Ernest Becker,https://www.goodreads.com/search?q=The+Denial+of+Death+Ernest+Becker,,,,,,,,,,,,
114,Philosophy,Stoicism and the ancients,"Discourses, Fragments, Handbook (Robin Hard, OWC)",Epictetus,https://www.goodreads.com/search?q=Discourses%2C+Fragments%2C+Handbook+Epictetus,,,,,,,,,,,,
115,Philosophy,Stoicism and the ancients,Letters from a Stoic (Penguin),Seneca,https://www.goodreads.com/search?q=Letters+from+a+Stoic+Seneca,,,,,,,,,,,,
116,Philosophy,Stoicism and the ancients,Meditations,Marcus Aurelius,https://www.goodreads.com/search?q=Meditations+Marcus+Aurelius,,,,,,,,,,,,
117,Philosophy,Stoicism and the ancients,Courage Under Fire,James Stockdale,https://www.goodreads.com/search?q=Courage+Under+Fire+James+Stockdale,,,,,,,,,,,,
118,Philosophy,Stoicism and the ancients,"Cyropaedia (Ambler, Cornell UP)",Xenophon,https://www.goodreads.com/search?q=Cyropaedia+Xenophon,,,,,,,,,,,,
119,Philosophy,Stoicism and the ancients,Elements (Green Lion),Euclid,https://www.goodreads.com/search?q=Elements+Euclid,,,,,,,,,,,,
120,Philosophy,Strategy and the warrior tradition,"The Prince (Penguin, Bull)",Machiavelli,https://www.goodreads.com/search?q=The+Prince+Machiavelli,,,,,,,,,,,,
121,Philosophy,Strategy and the warrior tradition,The Art of War Illustrated (Trapp),Sun Tzu,https://www.goodreads.com/search?q=The+Art+of+War+Illustrated+Sun+Tzu,,,,,,,,,,,,
122,Philosophy,Strategy and the warrior tradition,The Complete Musashi (Bennett),Musashi,https://www.goodreads.com/search?q=The+Complete+Musashi+Musashi,,,,,,,,,,,,
123,Philosophy,Strategy and the warrior tradition,Hagakure (Bennett),,https://www.goodreads.com/search?q=Hagakure,,,,,,,,,,,,
124,Philosophy,Strategy and the warrior tradition,"On War (Princeton, Howard & Paret)",Clausewitz,https://www.goodreads.com/search?q=On+War+Clausewitz,,,,,,,,,,,,
125,Philosophy,Strategy and the warrior tradition,The Strategy of Conflict (Harvard UP),Thomas Schelling,https://www.goodreads.com/search?q=The+Strategy+of+Conflict+Thomas+Schelling,,,,,,,,,,,,
126,Philosophy,Strategy and the warrior tradition,Strategy,B. H. Liddell Hart,https://www.goodreads.com/search?q=Strategy+B.+H.+Liddell+Hart,,,,,,,,,,,,
127,Philosophy,Strategy and the warrior tradition,Boyd,Robert Coram,https://www.goodreads.com/search?q=Boyd+Robert+Coram,,,,,,,,,,,,
128,Philosophy,Strategy and the warrior tradition,"The Art of Worldly Wisdom (Maurer, Doubleday)",Baltasar Gracián,https://www.goodreads.com/search?q=The+Art+of+Worldly+Wisdom+Baltasar+Graci%C3%A1n,,,,,,,,,,,,
129,Philosophy,Logic and argument,Logically Fallacious,Bo Bennett,https://www.goodreads.com/search?q=Logically+Fallacious+Bo+Bennett,,,,,,,,,,,,
130,Philosophy,Logic and argument,Being Logical,D. Q. McInerny,https://www.goodreads.com/search?q=Being+Logical+D.+Q.+McInerny,,,,,,,,,,,,
131,Philosophy,Logic and argument,An Illustrated Book of Bad Arguments,Ali Almossawi,https://www.goodreads.com/search?q=An+Illustrated+Book+of+Bad+Arguments+Ali+Almossawi,,,,,,,,,,,,
132,Philosophy,"Jewish thought, scripture, and mysticism",The Hebrew Bible,Robert Alter,https://www.goodreads.com/search?q=The+Hebrew+Bible+Robert+Alter,,,,,,,,,,,,
133,Philosophy,"Jewish thought, scripture, and mysticism",Tanakh,,https://www.goodreads.com/search?q=Tanakh,,,,,,,,,,,,
134,Philosophy,"Jewish thought, scripture, and mysticism",Tales of the Hasidim,Martin Buber,https://www.goodreads.com/search?q=Tales+of+the+Hasidim+Martin+Buber,,,,,,,,,,,,
135,Philosophy,"Jewish thought, scripture, and mysticism",Tales of the Dervishes (Arkana/Penguin),Idries Shah,https://www.goodreads.com/search?q=Tales+of+the+Dervishes+Idries+Shah,,,,,,,,,,,,
136,Philosophy,"Jewish thought, scripture, and mysticism",The Sabbath,Abraham Joshua Heschel,https://www.goodreads.com/search?q=The+Sabbath+Abraham+Joshua+Heschel,,,,,,,,,,,,
137,Philosophy,"Jewish thought, scripture, and mysticism",God: A Biography,Jack Miles,https://www.goodreads.com/search?q=God%3A+A+Biography+Jack+Miles,,,,,,,,,,,,
138,Philosophy,"Jewish thought, scripture, and mysticism","Physician of the Soul, Healer of the Cosmos",Lawrence Fine,https://www.goodreads.com/search?q=Physician+of+the+Soul%2C+Healer+of+the+Cosmos+Lawrence+Fine,,,,,,,,,,,,
139,Philosophy,"Jewish thought, scripture, and mysticism","Sha'ar HaGilgulim, Vol. 1 (digital)",Winston (trans.),https://www.goodreads.com/search?q=Sha%27ar+HaGilgulim%2C+Vol.+1+Winston,,,,,,,,,,,,
140,Philosophy,"Jewish thought, scripture, and mysticism","The Jewish Annotated New Testament (Oxford, 2nd ed.)",,https://www.goodreads.com/search?q=The+Jewish+Annotated+New+Testament,,,,,,,,,,,,
141,Philosophy,"Jewish thought, scripture, and mysticism",A River Flows from Eden,Melila Hellner-Eshed,https://www.goodreads.com/search?q=A+River+Flows+from+Eden+Melila+Hellner-Eshed,,,,,,,,,,,,
142,Philosophy,Myth and pattern,The Hero with a Thousand Faces,Joseph Campbell,https://www.goodreads.com/search?q=The+Hero+with+a+Thousand+Faces+Joseph+Campbell,,,,,,,,,,,,
143,History,World and big history,The Times Complete History of the World,Richard Overy (ed.),https://www.goodreads.com/search?q=The+Times+Complete+History+of+the+World+Richard+Overy,,,,,,,,,,,,
144,History,World and big history,The Penguin History of the World,Roberts & Westad,https://www.goodreads.com/search?q=The+Penguin+History+of+the+World+Roberts+%26+Westad,,,,,,,,,,,,
145,History,World and big history,Sapiens (10th Anniversary ed.),Yuval Noah Harari,https://www.goodreads.com/search?q=Sapiens+Yuval+Noah+Harari,,,,,,,,,,,,
146,History,World and big history,The Lessons of History,Will & Ariel Durant,https://www.goodreads.com/search?q=The+Lessons+of+History+Will+%26+Ariel+Durant,,,,,,,,,,,,
147,History,World and big history,The Dawn of Everything,Graeber & Wengrow,https://www.goodreads.com/search?q=The+Dawn+of+Everything+Graeber+%26+Wengrow,,,,,,,,,,,,
148,History,America,These Truths,Jill Lepore,https://www.goodreads.com/search?q=These+Truths+Jill+Lepore,,,,,,,,,,,,
149,History,America,Land of Hope,Wilfred McClay,https://www.goodreads.com/search?q=Land+of+Hope+Wilfred+McClay,,,,,,,,,,,,
150,History,America,The PayPal Wars,Eric Jackson,https://www.goodreads.com/search?q=The+PayPal+Wars+Eric+Jackson,,,,,,,,,,,,
151,History,America,Bicentennial illustrated history set (decorative rather than scholarly),,https://www.goodreads.com/search?q=Bicentennial+illustrated+history+set,,,,,,,,,,,,
152,History,Rome and the ancient world,Rubicon,Tom Holland,https://www.goodreads.com/search?q=Rubicon+Tom+Holland,,,,,,,,,,,,
153,History,Rome and the ancient world,"Lives, Vol. 1 (Modern Library, Dryden)",Plutarch,https://www.goodreads.com/search?q=Lives%2C+Vol.+1+Plutarch,,,,,,,,,,,,
154,History,Rome and the ancient world,"Selected Works (Penguin, Grant)",Cicero,https://www.goodreads.com/search?q=Selected+Works+Cicero,,,,,,,,,,,,
155,History,Rome and the ancient world,"Selected Political Speeches (Penguin, Grant)",Cicero,https://www.goodreads.com/search?q=Selected+Political+Speeches+Cicero,,,,,,,,,,,,
156,History,Rome and the ancient world,SPQR,Mary Beard,https://www.goodreads.com/search?q=SPQR+Mary+Beard,,,,,,,,,,,,
157,History,Rome and the ancient world,Jews vs. Rome: Two Centuries of Rebellion Against the World’s Mightiest Empire,Barry Strauss,https://www.goodreads.com/search?q=Jews+vs.+Rome%3A+Two+Centuries+of+Rebellion+Against+the+World%E2%80%99s+Mightiest+Empire+Barry+Strauss,,,,,,,,,,,,
158,History,"Persia, Iran, and the Jewish world","Shahnameh (Dick Davis, Penguin)",Ferdowsi,https://www.goodreads.com/search?q=Shahnameh+Ferdowsi,,,,,,,,,,,,
159,History,"Persia, Iran, and the Jewish world",A History of Iran: Empire of the Mind,Michael Axworthy,https://www.goodreads.com/search?q=A+History+of+Iran%3A+Empire+of+the+Mind+Michael+Axworthy,,,,,,,,,,,,
160,History,"Persia, Iran, and the Jewish world",Two Centuries of Silence,Abdolhossein Zarrinkoub,https://www.goodreads.com/search?q=Two+Centuries+of+Silence+Abdolhossein+Zarrinkoub,,,,,,,,,,,,
161,History,"Persia, Iran, and the Jewish world",Esther's Children: A Portrait of Iranian Jews (hardcover),Houman Sarshar (ed.),https://www.goodreads.com/search?q=Esther%27s+Children%3A+A+Portrait+of+Iranian+Jews+Houman+Sarshar,,,,,,,,,,,,
162,History,"Persia, Iran, and the Jewish world",The Jews of Arab Lands in Modern Times,Norman Stillman,https://www.goodreads.com/search?q=The+Jews+of+Arab+Lands+in+Modern+Times+Norman+Stillman,,,,,,,,,,,,
163,History,"Persia, Iran, and the Jewish world",The Jews of Islam,Bernard Lewis,https://www.goodreads.com/search?q=The+Jews+of+Islam+Bernard+Lewis,,,,,,,,,,,,
164,History,"Persia, Iran, and the Jewish world",Journey from the Land of No,Roya Hakakian,https://www.goodreads.com/search?q=Journey+from+the+Land+of+No+Roya+Hakakian,,,,,,,,,,,,
165,History,Exploration and the unexplained,Endurance,Alfred Lansing,https://www.goodreads.com/search?q=Endurance+Alfred+Lansing,,,,,,,,,,,,
166,History,Exploration and the unexplained,Missing 411 (six-book slipcase set),David Paulides,https://www.goodreads.com/search?q=Missing+411+David+Paulides,,,,,,,,,,,,
167,Psychology,Jung,The Red Book,C. G. Jung,https://www.goodreads.com/search?q=The+Red+Book+C.+G.+Jung,,,,,,,,,,,,
168,Psychology,Jung,Man and His Symbols,C. G. Jung,https://www.goodreads.com/search?q=Man+and+His+Symbols+C.+G.+Jung,,,,,,,,,,,,
169,Psychology,Jung,Modern Man in Search of a Soul,C. G. Jung,https://www.goodreads.com/search?q=Modern+Man+in+Search+of+a+Soul+C.+G.+Jung,,,,,,,,,,,,
170,Psychology,Jung,Synchronicity (Princeton/Bollingen),C. G. Jung,https://www.goodreads.com/search?q=Synchronicity+C.+G.+Jung,,,,,,,,,,,,
171,Psychology,Jung,The Essential Jung: Selected Writings,Anthony Storr (ed.),https://www.goodreads.com/search?q=The+Essential+Jung%3A+Selected+Writings+Anthony+Storr,,,,,,,,,,,,
172,Psychology,Jung,The Freud/Jung Letters (Princeton/Bollingen),,https://www.goodreads.com/search?q=The+Freud%2FJung+Letters,,,,,,,,,,,,
173,Psychology,Freud,The Freud Reader,Peter Gay (ed.),https://www.goodreads.com/search?q=The+Freud+Reader+Peter+Gay,,,,,,,,,,,,
174,Psychology,Depth psychology and the masculine,"King, Warrior, Magician, Lover",Moore & Gillette,https://www.goodreads.com/search?q=King%2C+Warrior%2C+Magician%2C+Lover+Moore+%26+Gillette,,,,,,,,,,,,
175,Psychology,Depth psychology and the masculine,The Anatomy of Human Destructiveness,Erich Fromm,https://www.goodreads.com/search?q=The+Anatomy+of+Human+Destructiveness+Erich+Fromm,,,,,,,,,,,,
176,Psychology,Clinical and mood,The Body Keeps the Score,Bessel van der Kolk,https://www.goodreads.com/search?q=The+Body+Keeps+the+Score+Bessel+van+der+Kolk,,,,,,,,,,,,
177,Psychology,Clinical and mood,Feeling Good,David Burns,https://www.goodreads.com/search?q=Feeling+Good+David+Burns,,,,,,,,,,,,
178,Psychology,Influence and decision under uncertainty,Influence,Robert Cialdini,https://www.goodreads.com/search?q=Influence+Robert+Cialdini,,,,,,,,,,,,
179,Psychology,Influence and decision under uncertainty,Thinking in Bets,Annie Duke,https://www.goodreads.com/search?q=Thinking+in+Bets+Annie+Duke,,,,,,,,,,,,
180,Business and Economics,"Economics, read from opposing corners","The Worldly Philosophers, 7th ed.",Robert Heilbroner,https://www.goodreads.com/search?q=The+Worldly+Philosophers%2C+7th+ed.+Robert+Heilbroner,,,,,,,,,,,,
181,Business and Economics,"Economics, read from opposing corners",The Wealth of Nations (Glasgow/Liberty Fund),Adam Smith,https://www.goodreads.com/search?q=The+Wealth+of+Nations+Adam+Smith,,,,,,,,,,,,
182,Business and Economics,"Economics, read from opposing corners","Basic Economics, 5th ed.",Thomas Sowell,https://www.goodreads.com/search?q=Basic+Economics%2C+5th+ed.+Thomas+Sowell,,,,,,,,,,,,
183,Business and Economics,"Economics, read from opposing corners",A Conflict of Visions,Thomas Sowell,https://www.goodreads.com/search?q=A+Conflict+of+Visions+Thomas+Sowell,,,,,,,,,,,,
184,Business and Economics,"Economics, read from opposing corners",Black Rednecks and White Liberals,Thomas Sowell,https://www.goodreads.com/search?q=Black+Rednecks+and+White+Liberals+Thomas+Sowell,,,,,,,,,,,,
185,Business and Economics,"Economics, read from opposing corners",Discrimination and Disparities (revised ed.),Thomas Sowell,https://www.goodreads.com/search?q=Discrimination+and+Disparities+Thomas+Sowell,,,,,,,,,,,,
186,Business and Economics,"Economics, read from opposing corners",Capital in the Twenty-First Century,Thomas Piketty,https://www.goodreads.com/search?q=Capital+in+the+Twenty-First+Century+Thomas+Piketty,,,,,,,,,,,,
187,Business and Economics,"Economics, read from opposing corners",Capitalism and Freedom,Milton Friedman,https://www.goodreads.com/search?q=Capitalism+and+Freedom+Milton+Friedman,,,,,,,,,,,,
188,Business and Economics,"Economics, read from opposing corners","Capitalism, Socialism and Democracy, 3rd ed.",Joseph Schumpeter,https://www.goodreads.com/search?q=Capitalism%2C+Socialism+and+Democracy%2C+3rd+ed.+Joseph+Schumpeter,,,,,,,,,,,,
189,Business and Economics,"Economics, read from opposing corners","Principles of Economics, 3rd ed.",N. Gregory Mankiw,https://www.goodreads.com/search?q=Principles+of+Economics%2C+3rd+ed.+N.+Gregory+Mankiw,,,,,,,,,,,,
190,Business and Economics,Strategy and positioning,Competitive Strategy,Michael Porter,https://www.goodreads.com/search?q=Competitive+Strategy+Michael+Porter,,,,,,,,,,,,
191,Business and Economics,Strategy and positioning,Good Strategy Bad Strategy,Richard Rumelt,https://www.goodreads.com/search?q=Good+Strategy+Bad+Strategy+Richard+Rumelt,,,,,,,,,,,,
192,Business and Economics,Strategy and positioning,Positioning,Ries & Trout,https://www.goodreads.com/search?q=Positioning+Ries+%26+Trout,,,,,,,,,,,,
193,Business and Economics,Strategy and positioning,Obviously Awesome,April Dunford,https://www.goodreads.com/search?q=Obviously+Awesome+April+Dunford,,,,,,,,,,,,
194,Business and Economics,Strategy and positioning,Purple Cow,Seth Godin,https://www.goodreads.com/search?q=Purple+Cow+Seth+Godin,,,,,,,,,,,,
195,Business and Economics,Strategy and positioning,Play Bigger,,https://www.goodreads.com/search?q=Play+Bigger,,,,,,,,,,,,
196,Business and Economics,Strategy and positioning,"Crossing the Chasm, 3rd ed.",Geoffrey Moore,https://www.goodreads.com/search?q=Crossing+the+Chasm%2C+3rd+ed.+Geoffrey+Moore,,,,,,,,,,,,
197,Business and Economics,"Startups, product, and SaaS",The Mom Test,Rob Fitzpatrick,https://www.goodreads.com/search?q=The+Mom+Test+Rob+Fitzpatrick,,,,,,,,,,,,
198,Business and Economics,"Startups, product, and SaaS","Running Lean, 3rd ed.",Ash Maurya,https://www.goodreads.com/search?q=Running+Lean%2C+3rd+ed.+Ash+Maurya,,,,,,,,,,,,
199,Business and Economics,"Startups, product, and SaaS",The Startup Owner's Manual,Blank & Dorf,https://www.goodreads.com/search?q=The+Startup+Owner%27s+Manual+Blank+%26+Dorf,,,,,,,,,,,,
200,Business and Economics,"Startups, product, and SaaS",The SaaS Playbook,Rob Walling,https://www.goodreads.com/search?q=The+SaaS+Playbook+Rob+Walling,,,,,,,,,,,,
201,Business and Economics,"Startups, product, and SaaS",Never Enough,Andrew Wilkinson,https://www.goodreads.com/search?q=Never+Enough+Andrew+Wilkinson,,,,,,,,,,,,
202,Business and Economics,"Startups, product, and SaaS",Rework,Fried & Hansson,https://www.goodreads.com/search?q=Rework+Fried+%26+Hansson,,,,,,,,,,,,
203,Business and Economics,"Startups, product, and SaaS",Lean Analytics,Croll & Yoskovitz,https://www.goodreads.com/search?q=Lean+Analytics+Croll+%26+Yoskovitz,,,,,,,,,,,,
204,Business and Economics,"Startups, product, and SaaS",Traction,Weinberg & Mares,https://www.goodreads.com/search?q=Traction+Weinberg+%26+Mares,,,,,,,,,,,,
205,Business and Economics,"Startups, product, and SaaS",Lean B2B,,https://www.goodreads.com/search?q=Lean+B2B,,,,,,,,,,,,
206,Business and Economics,"Startups, product, and SaaS",Subscribed,Tien Tzuo,https://www.goodreads.com/search?q=Subscribed+Tien+Tzuo,,,,,,,,,,,,
207,Business and Economics,"Startups, product, and SaaS",The Automatic Customer,John Warrillow,https://www.goodreads.com/search?q=The+Automatic+Customer+John+Warrillow,,,,,,,,,,,,
208,Business and Economics,"Startups, product, and SaaS",The CFO Guide to SaaS,,https://www.goodreads.com/search?q=The+CFO+Guide+to+SaaS,,,,,,,,,,,,
209,Business and Economics,"Startups, product, and SaaS",Demand-Side Sales,Bob Moesta,https://www.goodreads.com/search?q=Demand-Side+Sales+Bob+Moesta,,,,,,,,,,,,
210,Business and Economics,"Startups, product, and SaaS",Monetizing Innovation,Ramanujam & Tacke,https://www.goodreads.com/search?q=Monetizing+Innovation+Ramanujam+%26+Tacke,,,,,,,,,,,,
211,Business and Economics,"Startups, product, and SaaS",Hooked,Nir Eyal,https://www.goodreads.com/search?q=Hooked+Nir+Eyal,,,,,,,,,,,,
212,Business and Economics,"Startups, product, and SaaS",Hacking Growth,Ellis & Brown,https://www.goodreads.com/search?q=Hacking+Growth+Ellis+%26+Brown,,,,,,,,,,,,
213,Business and Economics,Marketing and SEO,The Art of SEO (O'Reilly),,https://www.goodreads.com/search?q=The+Art+of+SEO,,,,,,,,,,,,
214,Business and Economics,Marketing and SEO,SEO for Growth,,https://www.goodreads.com/search?q=SEO+for+Growth,,,,,,,,,,,,
215,Business and Economics,Marketing and SEO,Product-Led SEO,Eli Schwartz,https://www.goodreads.com/search?q=Product-Led+SEO+Eli+Schwartz,,,,,,,,,,,,
216,Business and Economics,Marketing and SEO,Data-Driven SEO with Python,Chapagain,https://www.goodreads.com/search?q=Data-Driven+SEO+with+Python+Chapagain,,,,,,,,,,,,
217,Business and Economics,Marketing and SEO,Digital Marketing Strategy,,https://www.goodreads.com/search?q=Digital+Marketing+Strategy,,,,,,,,,,,,
218,Business and Economics,Finance and investing,The Intelligent Investor,Benjamin Graham,https://www.goodreads.com/search?q=The+Intelligent+Investor+Benjamin+Graham,,,,,,,,,,,,
219,Business and Economics,Finance and investing,Financial Intelligence for Entrepreneurs,Berman & Knight,https://www.goodreads.com/search?q=Financial+Intelligence+for+Entrepreneurs+Berman+%26+Knight,,,,,,,,,,,,
220,Business and Economics,Finance and investing,The Paytech Book,,https://www.goodreads.com/search?q=The+Paytech+Book,,,,,,,,,,,,
221,Business and Economics,Finance and investing,Practical Business Math,Slater,https://www.goodreads.com/search?q=Practical+Business+Math+Slater,,,,,,,,,,,,
222,Business and Economics,Finance and investing,Same as Ever,Morgan Housel,https://www.goodreads.com/search?q=Same+as+Ever+Morgan+Housel,,,,,,,,,,,,
223,Business and Economics,Mental models and decision-making,Poor Charlie's Almanack (Kaufman ed.),Charles Munger,https://www.goodreads.com/search?q=Poor+Charlie%27s+Almanack+Charles+Munger,,,,,,,,,,,,
224,Business and Economics,Mental models and decision-making,"The Great Mental Models, Vol. 1",Shane Parrish,https://www.goodreads.com/search?q=The+Great+Mental+Models%2C+Vol.+1+Shane+Parrish,,,,,,,,,,,,
225,Business and Economics,Mental models and decision-making,Super Thinking,Weinberg & McCann,https://www.goodreads.com/search?q=Super+Thinking+Weinberg+%26+McCann,,,,,,,,,,,,
226,Business and Economics,Mental models and decision-making,The Personal MBA,Josh Kaufman,https://www.goodreads.com/search?q=The+Personal+MBA+Josh+Kaufman,,,,,,,,,,,,
227,Literature,The Russians,"Notes from Underground (P&V, Vintage)",Dostoevsky,https://www.goodreads.com/search?q=Notes+from+Underground+Dostoevsky,,,,,,,,,,,,
228,Literature,The Russians,"Crime and Punishment (P&V, Vintage)",Dostoevsky,https://www.goodreads.com/search?q=Crime+and+Punishment+Dostoevsky,,,,,,,,,,,,
229,Literature,The Russians,"The Idiot (P&V, Vintage)",Dostoevsky,https://www.goodreads.com/search?q=The+Idiot+Dostoevsky,,,,,,,,,,,,
230,Literature,The Russians,"Demons (P&V, Vintage)",Dostoevsky,https://www.goodreads.com/search?q=Demons+Dostoevsky,,,,,,,,,,,,
231,Literature,The Russians,"The Brothers Karamazov (P&V, Vintage)",Dostoevsky,https://www.goodreads.com/search?q=The+Brothers+Karamazov+Dostoevsky,,,,,,,,,,,,
232,Literature,The Russians,"Short Fiction (Norton Critical, Katz, 2nd ed.)",Tolstoy,https://www.goodreads.com/search?q=Short+Fiction+Tolstoy,,,,,,,,,,,,
233,Literature,The Russians,"Hadji Murad (Modern Library, Maude, Nafisi intro)",Tolstoy,https://www.goodreads.com/search?q=Hadji+Murad+Tolstoy,,,,,,,,,,,,
234,Literature,The Russians,Cancer Ward (FSG Classics),Solzhenitsyn,https://www.goodreads.com/search?q=Cancer+Ward+Solzhenitsyn,,,,,,,,,,,,
235,Literature,The Russians,"Dead Souls (NYRB, Rayfield)",Gogol,https://www.goodreads.com/search?q=Dead+Souls+Gogol,,,,,,,,,,,,
236,Literature,French,"Les Misérables (Penguin Classics Deluxe, Denny)",Victor Hugo,https://www.goodreads.com/search?q=Les+Mis%C3%A9rables+Victor+Hugo,,,,,,,,,,,,
237,Literature,French,"The Stranger (Vintage International, Ward)",Albert Camus,https://www.goodreads.com/search?q=The+Stranger+Albert+Camus,,,,,,,,,,,,
238,Literature,French,The Plague (Vintage International),Albert Camus,https://www.goodreads.com/search?q=The+Plague+Albert+Camus,,,,,,,,,,,,
239,Literature,French,"Candide (Penguin Classics, Theo Cuffe) and the Norton Critical edition",Voltaire,https://www.goodreads.com/search?q=Candide+and+the+Norton+Critical+edition+Voltaire,,,,,,,,,,,,
240,Literature,German and Central European,"The Magic Mountain (Oxford World's Classics, Simon Pare)",Thomas Mann,https://www.goodreads.com/search?q=The+Magic+Mountain+Thomas+Mann,,,,,,,,,,,,
241,Literature,German and Central European,Demian,Hermann Hesse,https://www.goodreads.com/search?q=Demian+Hermann+Hesse,,,,,,,,,,,,
242,Literature,German and Central European,The World of Yesterday (Anthea Bell),Stefan Zweig,https://www.goodreads.com/search?q=The+World+of+Yesterday+Stefan+Zweig,,,,,,,,,,,,
243,Literature,German and Central European,"The Metamorphosis (Norton, Bernofsky)",Franz Kafka,https://www.goodreads.com/search?q=The+Metamorphosis+Franz+Kafka,,,,,,,,,,,,
244,Literature,German and Central European,"Satantango (New Directions, Szirtes)",László Krasznahorkai,https://www.goodreads.com/search?q=Satantango+L%C3%A1szl%C3%B3+Krasznahorkai,,,,,,,,,,,,
245,Literature,English and American,Lolita (Vintage),Vladimir Nabokov,https://www.goodreads.com/search?q=Lolita+Vladimir+Nabokov,,,,,,,,,,,,
246,Literature,English and American,For Whom the Bell Tolls (Scribner),Ernest Hemingway,https://www.goodreads.com/search?q=For+Whom+the+Bell+Tolls+Ernest+Hemingway,,,,,,,,,,,,
247,Literature,English and American,The Old Man and the Sea,Ernest Hemingway,https://www.goodreads.com/search?q=The+Old+Man+and+the+Sea+Ernest+Hemingway,,,,,,,,,,,,
248,Literature,English and American,The Complete Short Stories (Finca Vigía ed.),Ernest Hemingway,https://www.goodreads.com/search?q=The+Complete+Short+Stories+Ernest+Hemingway,,,,,,,,,,,,
249,Literature,English and American,The Road (Vintage International),Cormac McCarthy,https://www.goodreads.com/search?q=The+Road+Cormac+McCarthy,,,,,,,,,,,,
250,Literature,English and American,Sabbath's Theater (Vintage International),Philip Roth,https://www.goodreads.com/search?q=Sabbath%27s+Theater+Philip+Roth,,,,,,,,,,,,
251,Literature,English and American,A Little Life (Anchor),Hanya Yanagihara,https://www.goodreads.com/search?q=A+Little+Life+Hanya+Yanagihara,,,,,,,,,,,,
252,Literature,English and American,The Goldfinch,Donna Tartt,https://www.goodreads.com/search?q=The+Goldfinch+Donna+Tartt,,,,,,,,,,,,
253,Literature,English and American,House of Leaves,Mark Z. Danielewski,https://www.goodreads.com/search?q=House+of+Leaves+Mark+Z.+Danielewski,,,,,,,,,,,,
254,Literature,English and American,Middlemarch (Penguin Classics Deluxe),George Eliot,https://www.goodreads.com/search?q=Middlemarch+George+Eliot,,,,,,,,,,,,
255,Literature,English and American,Wuthering Heights (Penguin Classics),Emily Brontë,https://www.goodreads.com/search?q=Wuthering+Heights+Emily+Bront%C3%AB,,,,,,,,,,,,
256,Literature,English and American,"The Picture of Dorian Gray (Harvard Belknap, Frankel)",Oscar Wilde,https://www.goodreads.com/search?q=The+Picture+of+Dorian+Gray+Oscar+Wilde,,,,,,,,,,,,
257,Literature,English and American,The Return of the Native,Thomas Hardy,https://www.goodreads.com/search?q=The+Return+of+the+Native+Thomas+Hardy,,,,,,,,,,,,
258,Literature,"Epic, classical, and drama","The Divine Comedy (Hollander, three volumes)",Dante,https://www.goodreads.com/search?q=The+Divine+Comedy+Dante,,,,,,,,,,,,
259,Literature,"Epic, classical, and drama","Paradise Lost (Penguin Classics, John Leonard)",Milton,https://www.goodreads.com/search?q=Paradise+Lost+Milton,,,,,,,,,,,,
260,Literature,"Epic, classical, and drama",The Iliad and The Odyssey (Fagles),Homer,https://www.goodreads.com/search?q=The+Iliad+and+The+Odyssey+Homer,,,,,,,,,,,,
261,Literature,"Epic, classical, and drama","The Aeneid (Fagles, Penguin Classics Deluxe)",Virgil,https://www.goodreads.com/search?q=The+Aeneid+Virgil,,,,,,,,,,,,
262,Literature,"Epic, classical, and drama","The Riverside Shakespeare, 2nd ed.",,https://www.goodreads.com/search?q=The+Riverside+Shakespeare%2C+2nd+ed.,,,,,,,,,,,,
263,Literature,"Epic, classical, and drama",Metamorphoses,Ovid,https://www.goodreads.com/search?q=Metamorphoses+Ovid,,,,,,,,,,,,
264,Literature,"Epic, classical, and drama","Rhetoric (Penguin Classics, Lawson-Tancred)",Aristotle,https://www.goodreads.com/search?q=Rhetoric+Aristotle,,,,,,,,,,,,
265,Literature,Latin American,"Collected Fictions (Hurley, Penguin Deluxe)",Jorge Luis Borges,https://www.goodreads.com/search?q=Collected+Fictions+Jorge+Luis+Borges,,,,,,,,,,,,
266,Literature,Latin American,"Selected Non-Fictions (Weinberger, Penguin Deluxe)",Jorge Luis Borges,https://www.goodreads.com/search?q=Selected+Non-Fictions+Jorge+Luis+Borges,,,,,,,,,,,,
267,Literature,"Crime, mystery, and the propulsive shelf",In the Woods (Penguin),Tana French,https://www.goodreads.com/search?q=In+the+Woods+Tana+French,,,,,,,,,,,,
268,Literature,"Crime, mystery, and the propulsive shelf",Stone's Fall,Iain Pears,https://www.goodreads.com/search?q=Stone%27s+Fall+Iain+Pears,,,,,,,,,,,,
269,Literature,"Crime, mystery, and the propulsive shelf",Wrong Place Wrong Time,Gillian McAllister,https://www.goodreads.com/search?q=Wrong+Place+Wrong+Time+Gillian+McAllister,,,,,,,,,,,,
270,Literature,"Crime, mystery, and the propulsive shelf",Carter Beats the Devil,Glen David Gold,https://www.goodreads.com/search?q=Carter+Beats+the+Devil+Glen+David+Gold,,,,,,,,,,,,
271,Literature,Science fiction,the Culture novels,Iain M. Banks,https://www.goodreads.com/search?q=the+Culture+novels+Iain+M.+Banks,,,,,,,,,,,,
